{
  "name": "Madinah",
  "server": "al_madenieh",
  "total_parcels": 12429,
  "optimal_zoom": 13,
  "data_hotspots": [
    [
      11,
      1248,
      879
    ],
    [
      11,
      1248,
      880
    ],
    [
      11,
      1248,
      881
    ],
    [
      11,
      1249,
      879
    ],
    [
      11,
      1249,
      880
    ],
    [
      11,
      1249,
      881
    ],
    [
      11,
      1250,
      879
    ],
    [
      11,
      1250,
      880
    ],
    [
      11,
      1250,
      881
    ],
    [
      12,
      2498,
      1759
    ],
    [
      12,
      2498,
      1760
    ],
    [
      12,
      2498,
      1761
    ],
    [
      12,
      2499,
      1759
    ],
    [
      12,
      2499,
      1760
    ],
    [
      12,
      2499,
      1761
    ],
    [
      12,
      2500,
      1759
    ],
    [
      12,
      2500,
      1760
    ],
    [
      12,
      2500,
      1761
    ],
    [
      13,
      4997,
      3519
    ],
    [
      13,
      4997,
      3520
    ],
    [
      13,
      4997,
      3521
    ],
    [
      13,
      4998,
      3519
    ],
    [
      13,
      4998,
      3520
    ],
    [
      13,
      4998,
      3521
    ],
    [
      13,
      4999,
      3519
    ],
    [
      13,
      4999,
      3520
    ],
    [
      13,
      4999,
      3521
    ],
    [
      14,
      9995,
      7041
    ],
    [
      14,
      9995,
      7042
    ],
    [
      14,
      9996,
      7040
    ],
    [
      14,
      9996,
      7041
    ],
    [
      14,
      9996,
      7042
    ],
    [
      14,
      9997,
      7040
    ],
    [
      14,
      9997,
      7041
    ],
    [
      14,
      9997,
      7042
    ]
  ],
  "zoom_analysis": [
    {
      "zoom": 11,
      "parcels": 2016,
      "size_kb": 1147.8955078125,
      "data_found": true
    },
    {
      "zoom": 12,
      "parcels": 1310,
      "size_kb": 1052.16015625,
      "data_found": true
    },
    {
      "zoom": 13,
      "parcels": 7011,
      "size_kb": 998.7236328125,
      "data_found": true
    },
    {
      "zoom": 14,
      "parcels": 2092,
      "size_kb": 788.7119140625,
      "data_found": true
    }
  ],
  "neighborhood_data": {}
}