{
  "name": "Eastern",
  "server": "eastern_region",
  "total_parcels": 8118,
  "optimal_zoom": 13,
  "data_hotspots": [
    [
      11,
      1307,
      867
    ],
    [
      11,
      1307,
      868
    ],
    [
      11,
      1307,
      869
    ],
    [
      11,
      1308,
      867
    ],
    [
      11,
      1308,
      868
    ],
    [
      11,
      1308,
      869
    ],
    [
      11,
      1309,
      867
    ],
    [
      11,
      1309,
      868
    ],
    [
      11,
      1309,
      869
    ],
    [
      12,
      2616,
      1736
    ],
    [
      12,
      2616,
      1737
    ],
    [
      12,
      2616,
      1738
    ],
    [
      12,
      2617,
      1736
    ],
    [
      12,
      2617,
      1737
    ],
    [
      12,
      2617,
      1738
    ],
    [
      12,
      2618,
      1736
    ],
    [
      12,
      2618,
      1737
    ],
    [
      12,
      2618,
      1738
    ],
    [
      13,
      5233,
      3474
    ],
    [
      13,
      5233,
      3475
    ],
    [
      13,
      5233,
      3476
    ],
    [
      13,
      5234,
      3474
    ],
    [
      13,
      5234,
      3475
    ],
    [
      13,
      5234,
      3476
    ],
    [
      13,
      5235,
      3474
    ],
    [
      13,
      5235,
      3475
    ],
    [
      13,
      5235,
      3476
    ],
    [
      14,
      10468,
      6949
    ],
    [
      14,
      10468,
      6950
    ],
    [
      14,
      10468,
      6951
    ],
    [
      14,
      10469,
      6949
    ],
    [
      14,
      10469,
      6950
    ],
    [
      14,
      10469,
      6951
    ],
    [
      14,
      10470,
      6949
    ],
    [
      14,
      10470,
      6950
    ],
    [
      14,
      10470,
      6951
    ]
  ],
  "zoom_analysis": [
    {
      "zoom": 11,
      "parcels": 2723,
      "size_kb": 941.5341796875,
      "data_found": true
    },
    {
      "zoom": 12,
      "parcels": 1411,
      "size_kb": 411.3603515625,
      "data_found": true
    },
    {
      "zoom": 13,
      "parcels": 3122,
      "size_kb": 272.7509765625,
      "data_found": true
    },
    {
      "zoom": 14,
      "parcels": 862,
      "size_kb": 302.56640625,
      "data_found": true
    }
  ],
  "neighborhood_data": {}
}