{
  "name": "Makkah",
  "server": "makkah_region",
  "total_parcels": 7430,
  "optimal_zoom": 13,
  "data_hotspots": [
    [
      11,
      1246,
      897
    ],
    [
      11,
      1246,
      898
    ],
    [
      11,
      1246,
      899
    ],
    [
      11,
      1247,
      897
    ],
    [
      11,
      1247,
      898
    ],
    [
      11,
      1247,
      899
    ],
    [
      11,
      1248,
      899
    ],
    [
      12,
      2493,
      1795
    ],
    [
      12,
      2493,
      1796
    ],
    [
      12,
      2493,
      1797
    ],
    [
      12,
      2494,
      1795
    ],
    [
      12,
      2494,
      1796
    ],
    [
      12,
      2494,
      1797
    ],
    [
      12,
      2495,
      1795
    ],
    [
      12,
      2495,
      1796
    ],
    [
      12,
      2495,
      1797
    ],
    [
      13,
      4988,
      3591
    ],
    [
      13,
      4988,
      3592
    ],
    [
      13,
      4988,
      3593
    ],
    [
      13,
      4989,
      3591
    ],
    [
      13,
      4989,
      3592
    ],
    [
      13,
      4989,
      3593
    ],
    [
      13,
      4990,
      3592
    ],
    [
      13,
      4990,
      3593
    ],
    [
      14,
      9978,
      7184
    ],
    [
      14,
      9978,
      7185
    ],
    [
      14,
      9978,
      7186
    ],
    [
      14,
      9979,
      7184
    ],
    [
      14,
      9979,
      7185
    ],
    [
      14,
      9979,
      7186
    ],
    [
      14,
      9980,
      7185
    ],
    [
      14,
      9980,
      7186
    ]
  ],
  "zoom_analysis": [
    {
      "zoom": 11,
      "parcels": 2168,
      "size_kb": 648.439453125,
      "data_found": true
    },
    {
      "zoom": 12,
      "parcels": 982,
      "size_kb": 405.810546875,
      "data_found": true
    },
    {
      "zoom": 13,
      "parcels": 3541,
      "size_kb": 297.2470703125,
      "data_found": true
    },
    {
      "zoom": 14,
      "parcels": 739,
      "size_kb": 317.9638671875,
      "data_found": true
    }
  ],
  "neighborhood_data": {}
}