{
  "name": "Riyadh",
  "server": "riyadh",
  "total_parcels": 13155,
  "optimal_zoom": 13,
  "data_hotspots": [
    [
      11,
      1289,
      876
    ],
    [
      11,
      1289,
      877
    ],
    [
      11,
      1289,
      878
    ],
    [
      11,
      1290,
      876
    ],
    [
      11,
      1290,
      877
    ],
    [
      11,
      1290,
      878
    ],
    [
      11,
      1291,
      876
    ],
    [
      11,
      1291,
      877
    ],
    [
      11,
      1291,
      878
    ],
    [
      12,
      2579,
      1754
    ],
    [
      12,
      2579,
      1755
    ],
    [
      12,
      2579,
      1756
    ],
    [
      12,
      2580,
      1754
    ],
    [
      12,
      2580,
      1755
    ],
    [
      12,
      2580,
      1756
    ],
    [
      12,
      2581,
      1754
    ],
    [
      12,
      2581,
      1755
    ],
    [
      12,
      2581,
      1756
    ],
    [
      13,
      5160,
      3510
    ],
    [
      13,
      5160,
      3511
    ],
    [
      13,
      5160,
      3512
    ],
    [
      13,
      5161,
      3510
    ],
    [
      13,
      5161,
      3511
    ],
    [
      13,
      5161,
      3512
    ],
    [
      13,
      5162,
      3510
    ],
    [
      13,
      5162,
      3511
    ],
    [
      13,
      5162,
      3512
    ],
    [
      14,
      10321,
      7021
    ],
    [
      14,
      10321,
      7022
    ],
    [
      14,
      10321,
      7023
    ],
    [
      14,
      10322,
      7021
    ],
    [
      14,
      10322,
      7022
    ],
    [
      14,
      10322,
      7023
    ],
    [
      14,
      10323,
      7021
    ],
    [
      14,
      10323,
      7022
    ],
    [
      14,
      10323,
      7023
    ]
  ],
  "zoom_analysis": [
    {
      "zoom": 11,
      "parcels": 2832,
      "size_kb": 2595.103515625,
      "data_found": true
    },
    {
      "zoom": 12,
      "parcels": 1357,
      "size_kb": 919.345703125,
      "data_found": true
    },
    {
      "zoom": 13,
      "parcels": 7443,
      "size_kb": 848.408203125,
      "data_found": true
    },
    {
      "zoom": 14,
      "parcels": 1523,
      "size_kb": 955.072265625,
      "data_found": true
    }
  ],
  "neighborhood_data": {}
}